Company,URL
Alexcredit,https://www.mintos.com/en/lending-companies/Alexcredit/
Alivio,https://www.mintos.com/en/lending-companies/Alivio/
Apadundi,https://www.mintos.com/en/lending-companies/Apadundi/
AvaFin,https://www.mintos.com/en/lending-companies/AvaFin/
BBFinance,https://www.mintos.com/en/lending-companies/BBFinance/
CAPEM,https://www.mintos.com/en/lending-companies/CAPEM/
capitalia,https://www.mintos.com/en/lending-companies/capitalia/
capitalservice,https://www.mintos.com/en/lending-companies/capitalservice/
cashcredit,https://www.mintos.com/en/lending-companies/cashcredit/
Cashwagon,https://www.mintos.com/en/lending-companies/Cashwagon/
Conmigo,https://www.mintos.com/en/lending-companies/Conmigo/
Contigo,https://www.mintos.com/en/lending-companies/Contigo/
creamfinance,https://www.mintos.com/en/lending-companies/creamfinance/
Credifiel,https://www.mintos.com/en/lending-companies/Credifiel/
credissimo,https://www.mintos.com/en/lending-companies/credissimo/
creditstar,https://www.mintos.com/en/lending-companies/creditstar/
Creditter,https://www.mintos.com/en/lending-companies/Creditter/
credius,https://www.mintos.com/en/lending-companies/credius/
DanaRupiah,https://www.mintos.com/en/lending-companies/DanaRupiah/
debifo,https://www.mintos.com/en/lending-companies/debifo/
DelfinGroup,https://www.mintos.com/en/lending-companies/DelfinGroup/
dineo_credito,https://www.mintos.com/en/lending-companies/dineo_credito/
dinerito,https://www.mintos.com/en/lending-companies/dinerito/
dozarplati,https://www.mintos.com/en/lending-companies/dozarplati/
Dziesiatka,https://www.mintos.com/en/lending-companies/Dziesiatka/
e-cash,https://www.mintos.com/en/lending-companies/e-cash/
ecofinance,https://www.mintos.com/en/lending-companies/ecofinance/
eiz-ecommerce,https://www.mintos.com/en/lending-companies/eiz-ecommerce/
ESTO,https://www.mintos.com/en/lending-companies/ESTO/
Eurocent,https://www.mintos.com/en/lending-companies/Eurocent/
eurolease,https://www.mintos.com/en/lending-companies/eurolease/
euroone,https://www.mintos.com/en/lending-companies/euroone/
everest-finanse,https://www.mintos.com/en/lending-companies/everest-finanse/
Evergreen,https://www.mintos.com/en/lending-companies/Evergreen/
extra‑finance,https://www.mintos.com/en/lending-companies/extra‑finance/
Fenchurch‑Legal,https://www.mintos.com/en/lending-companies/Fenchurch‑Legal/
Finclusion,https://www.mintos.com/en/lending-companies/Finclusion/
Finko,https://www.mintos.com/en/lending-companies/Finko/
Fireof,https://www.mintos.com/en/lending-companies/Fireof/
getbucks,https://www.mintos.com/en/lending-companies/getbucks/
GFM,https://www.mintos.com/en/lending-companies/GFM/
GoCredit,https://www.mintos.com/en/lending-companies/GoCredit/
hypamind,https://www.mintos.com/en/lending-companies/hypamind/
IDFEURASIA,https://www.mintos.com/en/lending-companies/IDFEURASIA/
IDFEURASIA2,https://www.mintos.com/en/lending-companies/IDFEURASIA2/
idfinance,https://www.mintos.com/en/lending-companies/idfinance/
iutecredit,https://www.mintos.com/en/lending-companies/iutecredit/
JetFinance,https://www.mintos.com/en/lending-companies/JetFinance/
kviku,https://www.mintos.com/en/lending-companies/kviku/
LF‑TECH,https://www.mintos.com/en/lending-companies/LF‑TECH/
limezaim,https://www.mintos.com/en/lending-companies/limezaim/
MiDinerito,https://www.mintos.com/en/lending-companies/MiDinerito/
Mikrokapital,https://www.mintos.com/en/lending-companies/Mikrokapital/
mintos,https://www.mintos.com/en/lending-companies/mintos/
mogo,https://www.mintos.com/en/lending-companies/mogo/
Monego,https://www.mintos.com/en/lending-companies/Monego/
mozipogroup,https://www.mintos.com/en/lending-companies/mozipogroup/
NeraCapital,https://www.mintos.com/en/lending-companies/NeraCapital/
novaloans,https://www.mintos.com/en/lending-companies/novaloans/
placet,https://www.mintos.com/en/lending-companies/placet/
Planet42,https://www.mintos.com/en/lending-companies/Planet42/
Rapicredit,https://www.mintos.com/en/lending-companies/Rapicredit/
Revo,https://www.mintos.com/en/lending-companies/Revo/
SOS_Credit,https://www.mintos.com/en/lending-companies/SOS_Credit/
Sun‑finance,https://www.mintos.com/en/lending-companies/Sun‑finance/
Swell,https://www.mintos.com/en/lending-companies/Swell/
Watu,https://www.mintos.com/en/lending-companies/Watu/
Wowwo,https://www.mintos.com/en/lending-companies/Wowwo/
Zenka,https://www.mintos.com/en/lending-companies/Zenka/
